{"meta": {"fonte": "ESEB 2022 via CSES Módulo 6 (CSES, Universidade de Michigan)", "n": 1971, "religiao": ["Católica", "Evangélica", "Outras religiões", "Sem religião"], "politica": ["Esquerda", "Centro", "Direita", "Não se posiciona"], "niveis": ["regiao|sexo|faixa3|escol3", "regiao|escol3", "escol3", "global"]}, "dist": {"0": {"2|1|1|1": {"1|2": 0.1744186046511628, "1|3": 0.11627906976744186, "3|1": 0.046511627906976744, "1|0": 0.046511627906976744, "2|2": 0.046511627906976744, "0|0": 0.16279069767441862, "0|1": 0.023255813953488372, "0|2": 0.16279069767441862, "3|2": 0.011627906976744186, "0|3": 0.06976744186046512, "1|1": 0.06976744186046512, "3|0": 0.046511627906976744, "3|3": 0.011627906976744186, "2|0": 0.011627906976744186}, "2|1|2|0": {"0|2": 0.22388059701492538, "1|2": 0.14925373134328357, "1|0": 0.014925373134328358, "0|3": 0.23880597014925373, "0|0": 0.05970149253731343, "0|1": 0.13432835820895522, "2|3": 0.029850746268656716, "2|2": 0.029850746268656716, "1|3": 0.07462686567164178, "3|0": 0.014925373134328358, "3|2": 0.029850746268656716}, "2|1|0|1": {"1|2": 0.2777777777777778, "2|0": 0.05555555555555555, "2|3": 0.03333333333333333, "0|2": 0.08888888888888889, "0|3": 0.1, "3|3": 0.03333333333333333, "1|3": 0.08888888888888889, "0|1": 0.08888888888888889, "1|0": 0.044444444444444446, "0|0": 0.044444444444444446, "3|0": 0.022222222222222223, "3|2": 0.03333333333333333, "1|1": 0.06666666666666667, "3|1": 0.011111111111111112, "2|2": 0.011111111111111112}, "1|1|0|0": {"0|3": 0.14705882352941177, "3|2": 0.058823529411764705, "2|1": 0.029411764705882353, "1|0": 0.14705882352941177, "1|2": 0.14705882352941177, "0|2": 0.20588235294117646, "3|0": 0.029411764705882353, "2|3": 0.029411764705882353, "0|1": 0.058823529411764705, "3|3": 0.058823529411764705, "1|3": 0.058823529411764705, "0|0": 0.029411764705882353}, "2|0|1|2": {"1|2": 0.23529411764705882, "0|2": 0.2647058823529412, "2|0": 0.029411764705882353, "2|2": 0.058823529411764705, "3|0": 0.14705882352941177, "0|3": 0.029411764705882353, "0|0": 0.08823529411764706, "3|2": 0.029411764705882353, "3|1": 0.029411764705882353, "2|1": 0.029411764705882353, "1|1": 0.029411764705882353, "0|1": 0.029411764705882353}, "2|0|0|1": {"1|1": 0.07547169811320754, "0|2": 0.1792452830188679, "0|1": 0.10377358490566038, "3|1": 0.07547169811320754, "2|2": 0.018867924528301886, "3|2": 0.09433962264150944, "1|2": 0.16981132075471697, "0|0": 0.05660377358490566, "3|3": 0.05660377358490566, "1|3": 0.018867924528301886, "3|0": 0.04716981132075472, "2|0": 0.02830188679245283, "1|0": 0.02830188679245283, "2|1": 0.02830188679245283, "2|3": 0.009433962264150943, "0|3": 0.009433962264150943}, "2|0|2|0": {"0|2": 0.35185185185185186, "0|1": 0.1111111111111111, "0|0": 0.12962962962962962, "0|3": 0.12962962962962962, "1|0": 0.037037037037037035, "1|2": 0.07407407407407407, "3|2": 0.037037037037037035, "1|1": 0.037037037037037035, "2|0": 0.018518518518518517, "3|3": 0.037037037037037035, "1|3": 0.037037037037037035}, "1|1|2|0": {"0|3": 0.1724137931034483, "0|0": 0.13793103448275862, "1|2": 0.1896551724137931, "0|2": 0.3103448275862069, "1|3": 0.05172413793103448, "1|1": 0.034482758620689655, "1|0": 0.06896551724137931, "3|2": 0.017241379310344827, "2|2": 0.017241379310344827}, "1|1|0|1": {"0|0": 0.17647058823529413, "0|1": 0.09803921568627451, "2|1": 0.0196078431372549, "0|2": 0.19607843137254902, "3|3": 0.0784313725490196, "3|2": 0.0392156862745098, "3|0": 0.0784313725490196, "1|1": 0.0784313725490196, "1|2": 0.058823529411764705, "1|3": 0.058823529411764705, "1|0": 0.0784313725490196, "3|1": 0.0196078431372549, "0|3": 0.0196078431372549}, "2|0|1|1": {"0|2": 0.3372093023255814, "0|0": 0.10465116279069768, "1|2": 0.19767441860465115, "0|1": 0.10465116279069768, "1|1": 0.06976744186046512, "2|2": 0.046511627906976744, "3|1": 0.03488372093023256, "1|3": 0.023255813953488372, "3|0": 0.023255813953488372, "3|2": 0.03488372093023256, "2|0": 0.011627906976744186, "2|1": 0.011627906976744186}, "2|1|1|0": {"1|3": 0.12727272727272726, "0|0": 0.09090909090909091, "1|2": 0.2909090909090909, "3|3": 0.03636363636363636, "0|3": 0.09090909090909091, "0|2": 0.16363636363636364, "1|0": 0.01818181818181818, "3|0": 0.03636363636363636, "3|2": 0.05454545454545454, "0|1": 0.03636363636363636, "1|1": 0.01818181818181818, "2|3": 0.01818181818181818, "2|1": 0.01818181818181818}, "2|0|1|0": {"0|2": 0.3541666666666667, "2|2": 0.020833333333333332, "1|2": 0.25, "1|1": 0.041666666666666664, "0|1": 0.08333333333333333, "0|0": 0.08333333333333333, "0|3": 0.08333333333333333, "2|3": 0.020833333333333332, "1|3": 0.041666666666666664, "3|2": 0.020833333333333332}, "2|1|0|0": {"0|1": 0.08571428571428572, "3|1": 0.02857142857142857, "1|2": 0.17142857142857143, "3|0": 0.02857142857142857, "2|2": 0.02857142857142857, "3|2": 0.05714285714285714, "0|0": 0.08571428571428572, "0|2": 0.08571428571428572, "1|0": 0.02857142857142857, "3|3": 0.02857142857142857, "1|3": 0.14285714285714285, "0|3": 0.11428571428571428, "2|0": 0.02857142857142857, "2|3": 0.02857142857142857, "1|1": 0.05714285714285714}, "1|0|1|1": {"0|2": 0.29411764705882354, "2|0": 0.029411764705882353, "1|2": 0.23529411764705882, "1|1": 0.058823529411764705, "0|1": 0.17647058823529413, "0|3": 0.029411764705882353, "3|2": 0.029411764705882353, "0|0": 0.058823529411764705, "1|3": 0.029411764705882353, "3|3": 0.029411764705882353, "3|1": 0.029411764705882353}, "1|0|1|0": {"0|2": 0.3888888888888889, "0|0": 0.1111111111111111, "1|2": 0.16666666666666666, "0|1": 0.16666666666666666, "0|3": 0.037037037037037035, "3|0": 0.018518518518518517, "3|2": 0.018518518518518517, "1|0": 0.018518518518518517, "3|3": 0.018518518518518517, "1|1": 0.037037037037037035, "3|1": 0.018518518518518517}, "1|0|2|0": {"0|0": 0.17777777777777778, "3|2": 0.022222222222222223, "3|3": 0.06666666666666667, "1|2": 0.15555555555555556, "0|2": 0.3333333333333333, "0|3": 0.1111111111111111, "2|1": 0.044444444444444446, "1|3": 0.022222222222222223, "0|1": 0.022222222222222223, "1|0": 0.044444444444444446}, "1|1|1|1": {"1|2": 0.358974358974359, "0|2": 0.07692307692307693, "1|3": 0.05128205128205128, "0|1": 0.15384615384615385, "0|3": 0.10256410256410256, "1|0": 0.02564102564102564, "3|0": 0.05128205128205128, "0|0": 0.02564102564102564, "2|1": 0.02564102564102564, "2|0": 0.05128205128205128, "1|1": 0.05128205128205128, "2|3": 0.02564102564102564}, "1|0|0|1": {"1|2": 0.1864406779661017, "0|2": 0.22033898305084745, "0|0": 0.1016949152542373, "3|3": 0.03389830508474576, "3|2": 0.06779661016949153, "3|0": 0.03389830508474576, "3|1": 0.0847457627118644, "0|3": 0.03389830508474576, "1|1": 0.03389830508474576, "2|2": 0.01694915254237288, "0|1": 0.11864406779661017, "1|0": 0.03389830508474576, "2|3": 0.01694915254237288, "2|0": 0.01694915254237288}, "1|1|1|0": {"1|2": 0.10714285714285714, "0|2": 0.32142857142857145, "0|3": 0.14285714285714285, "3|2": 0.03571428571428571, "1|3": 0.03571428571428571, "0|0": 0.14285714285714285, "2|2": 0.03571428571428571, "3|3": 0.017857142857142856, "1|0": 0.08928571428571429, "1|1": 0.03571428571428571, "3|0": 0.017857142857142856, "2|0": 0.017857142857142856}, "2|0|2|1": {"1|0": 0.08823529411764706, "0|2": 0.2647058823529412, "1|2": 0.11764705882352941, "2|1": 0.058823529411764705, "3|3": 0.029411764705882353, "3|1": 0.029411764705882353, "0|0": 0.11764705882352941, "1|3": 0.11764705882352941, "3|0": 0.029411764705882353, "0|3": 0.029411764705882353, "0|1": 0.08823529411764706, "2|3": 0.029411764705882353}}, "1": {"2|2": {"1|2": 0.2074074074074074, "1|0": 0.02962962962962963, "0|0": 0.11851851851851852, "1|1": 0.044444444444444446, "0|1": 0.1037037037037037, "2|2": 0.05925925925925926, "0|2": 0.1925925925925926, "2|0": 0.044444444444444446, "3|0": 0.07407407407407407, "3|3": 0.022222222222222223, "0|3": 0.02962962962962963, "3|2": 0.007407407407407408, "3|1": 0.022222222222222223, "2|3": 0.022222222222222223, "2|1": 0.022222222222222223}, "2|1": {"1|2": 0.19483568075117372, "1|3": 0.06103286384976526,